"Country,Year,LPI_Score"
"Germany,2018,4.392114"
"Sweden,2018,4.284866"
"Belgium,2018,4.410293"
"Austria,2018,4.250803"
"Japan,2018,4.254069"
"Netherlands,2018,4.253336"
"Singapore,2018,4.319944"
"Denmark,2018,4.407843"
"United Kingdom,2018,4.329937"
"Finland,2018,4.279861"
"United Arab Emirates,2018,4.376292"
"Hong Kong SAR China,2018,4.139137"
"Switzerland,2018,4.24183"
"United States,2018,4.083623"
"New Zealand,2018,4.255307"
"France,2018,4.152037"
"Spain,2018,4.063369"
"Australia,2018,3.976111"
"Italy,2018,4.126595"
"Canada,2018,3.960503"
"Norway,2018,3.942627"
"Czechia,2018,4.13362"
"Portugal,2018,4.125922"
"Luxembourg,2018,3.903863"
"Korea Rep.,2018,3.919574"
"China,2018,3.840015"
"Taiwan China,2018,3.720617"
"Poland,2018,3.954262"
"Ireland,2018,3.756367"
"Qatar,2018,3.704365"
"Hungary,2018,3.785941"
"Thailand,2018,3.813817"
"South Africa,2018,3.742441"
"Chile,2018,3.797014"
"Slovenia,2018,3.695238"
"Estonia,2018,3.798684"
"Israel,2018,3.591467"
"Panama,2018,3.596759"
"Viet Nam,2018,3.672003"
"Iceland,2018,3.696966"
"Malaysia,2018,3.463814"
"Greece,2018,3.662264"
"Oman,2018,3.804147"
"India,2018,3.497141"
"Cyprus,2018,3.622711"
"Indonesia,2018,3.669556"
"Turkiye,2018,3.628118"
"Romania,2018,3.681887"
"Croatia,2018,3.593939"
"Cote d'Ivoire,2018,3.227109"
"Mexico,2018,3.529618"
"Bulgaria,2018,3.313491"
"Slovak Republic,2018,3.139194"
"Lithuania,2018,3.646595"
"Saudi Arabia,2018,3.300067"
"Brazil,2018,3.510178"
"Rwanda,2018,3.351178"
"Colombia,2018,3.17097"
"Bahrain,2018,3.285448"
"Philippines,2018,2.983609"
"Argentina,2018,3.368942"
"Ecuador,2018,3.189954"
"Kuwait,2018,3.367965"
"Iran Islamic Rep.,2018,3.355769"
"Serbia,2018,3.333418"
"Ukraine,2018,3.422145"
"Egypt Arab Rep.,2018,3.194389"
"Kenya,2018,3.176152"
"Malta,2018,3.005445"
"Latvia,2018,2.878851"
"Kazakhstan,2018,3.525493"
"Bosnia and Herzegovina,2018,3.210526"
"Costa Rica,2018,3.155408"
"Paraguay,2018,3.445366"
"Russian Federation,2018,3.313303"
"Benin,2018,3.415745"
"Montenegro,2018,3.329044"
"Mauritius,2018,2.999167"
"Lebanon,2018,3.179649"
"Brunei Darussalam,2018,3.173628"
"North Macedonia,2018,3.034922"
"Lao PDR,2018,2.842594"
"Peru,2018,3.445582"
"Jordan,2018,3.183243"
"Uruguay,2018,2.906435"
"Maldives,2018,3.322872"
"Dominican Republic,2018,2.980595"
"Albania,2018,3.202666"
"Sao Tome and Principe,2018,3.014706"
"Djibouti,2018,3.150413"
"Burkina Faso,2018,3.037879"
"Armenia,2018,2.896062"
"Honduras,2018,2.833523"
"Sri Lanka,2018,2.787462"
"Cameroon,2018,2.565542"
"Mali,2018,2.827022"
"Malawi,2018,2.975"
"Cambodia,2018,3.155346"
"Uzbekistan,2018,3.09"
"Bangladesh,2018,2.923681"
"El Salvador,2018,3.098685"
"Uganda,2018,2.899217"
"Belarus,2018,3.176941"
"Solomon Islands,2018,3.116667"
"Tunisia,2018,3.236042"
"Ghana,2018,2.87094"
"Comoros,2018,2.804502"
"Kyrgyz Republic,2018,2.940848"
"Morocco,2018,2.878139"
"Nigeria,2018,3.068333"
"Zambia,2018,3.052819"
"Bahamas The,2018,2.751119"
"Jamaica,2018,2.79256"
"Nepal,2018,3.100524"
"Congo Rep.,2018,2.949395"
"Moldova,2018,3.166819"
"Algeria,2018,2.761177"
"Togo,2018,2.878886"
"Georgia,2018,2.945344"
"Congo Dem. Rep.,2018,2.686857"
"Sudan,2018,2.616162"
"Pakistan,2018,2.663294"
"Chad,2018,2.619823"
"Trinidad and Tobago,2018,2.531926"
"Guatemala,2018,3.111029"
"Turkmenistan,2018,2.71865"
"Gambia The,2018,2.705325"
"Madagascar,2018,2.732839"
"Guinea-Bissau,2018,2.856331"
"Mongolia,2018,3.060681"
"Bolivia,2018,2.742127"
"Guyana,2018,2.646677"
"Fiji,2018,2.538461"
"Tajikistan,2018,2.948976"
"Mauritania,2018,2.676646"
"Equatorial Guinea,2018,2.75"
"Myanmar,2018,2.908419"
"Syrian Arab Republic,2018,2.443223"
"Lesotho,2018,2.699074"
"Yemen Rep.,2018,2.426191"
"Senegal,2018,2.518404"
"Venezuela RB,2018,2.581759"
"Liberia,2018,3.246348"
"Somalia,2018,2.204196"
"Guinea,2018,2.03689"
"Cuba,2018,2.462494"
"Iraq,2018,2.719949"
"Papua New Guinea,2018,2.43608"
"Bhutan,2018,2.486475"
"Gabon,2018,2.672265"
"Central African Republic,2018,2.333333"
"Zimbabwe,2018,2.385957"
"Haiti,2018,2.439257"
"Libya,2018,2.770085"
"Eritrea,2018,2.081548"
"Sierra Leone,2018,2.338329"
"Niger,2018,2.334445"
"Burundi,2018,2.165472"
"Angola,2018,2.594983"
"Afghanistan,2018,2.382438"
"Germany,2018,3.0"
"Sweden,2018,7.0"
"Belgium,2018,1.0"
"Austria,2018,12.0"
"Japan,2018,10.0"
"Netherlands,2018,11.0"
"Singapore,2018,6.0"
"Denmark,2018,2.0"
"United Kingdom,2018,5.0"
"Finland,2018,8.0"
"United Arab Emirates,2018,4.0"
"Hong Kong SAR China,2018,15.0"
"Switzerland,2018,13.0"
"United States,2018,19.0"
"New Zealand,2018,9.0"
"France,2018,14.0"
"Spain,2018,20.0"
"Australia,2018,21.0"
"Italy,2018,17.0"
"Canada,2018,22.0"
"Norway,2018,24.0"
"Czechia,2018,16.0"
"Portugal,2018,18.0"
"Luxembourg,2018,26.0"
"Korea Rep.,2018,25.0"
"China,2018,27.0"
"Taiwan China,2018,35.0"
"Poland,2018,23.0"
"Ireland,2018,33.0"
"Qatar,2018,36.0"
"Hungary,2018,32.0"
"Thailand,2018,28.0"
"South Africa,2018,34.0"
"Chile,2018,31.0"
"Slovenia,2018,38.0"
"Estonia,2018,30.0"
"Israel,2018,48.0"
"Panama,2018,46.0"
"Viet Nam,2018,40.0"
"Iceland,2018,37.0"
"Malaysia,2018,53.0"
"Greece,2018,42.0"
"Oman,2018,29.0"
"India,2018,52.0"
"Cyprus,2018,45.0"
"Indonesia,2018,41.0"
"Turkiye,2018,44.0"
"Romania,2018,39.0"
"Croatia,2018,47.0"
"Cote d'Ivoire,2018,71.0"
"Mexico,2018,49.0"
"Bulgaria,2018,65.0"
"Slovak Republic,2018,86.0"
"Lithuania,2018,43.0"
"Saudi Arabia,2018,67.0"
"Brazil,2018,51.0"
"Rwanda,2018,61.0"
"Colombia,2018,81.0"
"Bahrain,2018,68.0"
"Philippines,2018,100.0"
"Argentina,2018,58.0"
"Ecuador,2018,75.0"
"Kuwait,2018,59.0"
"Iran Islamic Rep.,2018,60.0"
"Serbia,2018,62.0"
"Ukraine,2018,56.0"
"Egypt Arab Rep.,2018,74.0"
"Kenya,2018,79.0"
"Malta,2018,98.0"
"Latvia,2018,113.0"
"Kazakhstan,2018,50.0"
"Bosnia and Herzegovina,2018,72.0"
"Costa Rica,2018,83.0"
"Paraguay,2018,55.0"
"Russian Federation,2018,66.0"
"Benin,2018,57.0"
"Montenegro,2018,63.0"
"Mauritius,2018,99.0"
"Lebanon,2018,77.0"
"Brunei Darussalam,2018,80.0"
"North Macedonia,2018,96.0"
"Lao PDR,2018,117.0"
"Peru,2018,54.0"
"Jordan,2018,76.0"
"Uruguay,2018,109.0"
"Maldives,2018,64.0"
"Dominican Republic,2018,101.0"
"Albania,2018,73.0"
"Sao Tome and Principe,2018,97.0"
"Djibouti,2018,85.0"
"Burkina Faso,2018,95.0"
"Armenia,2018,111.0"
"Honduras,2018,118.0"
"Sri Lanka,2018,122.0"
"Cameroon,2018,142.0"
"Mali,2018,119.0"
"Malawi,2018,102.0"
"Cambodia,2018,84.0"
"Uzbekistan,2018,91.0"
"Bangladesh,2018,107.0"
"El Salvador,2018,90.0"
"Uganda,2018,110.0"
"Belarus,2018,78.0"
"Solomon Islands,2018,87.0"
"Tunisia,2018,70.0"
"Ghana,2018,115.0"
"Comoros,2018,120.0"
"Kyrgyz Republic,2018,106.0"
"Morocco,2018,114.0"
"Nigeria,2018,92.0"
"Zambia,2018,94.0"
"Bahamas The,2018,125.0"
"Jamaica,2018,121.0"
"Nepal,2018,89.0"
"Congo Rep.,2018,103.0"
"Moldova,2018,82.0"
"Algeria,2018,124.0"
"Togo,2018,112.0"
"Georgia,2018,105.0"
"Congo Dem. Rep.,2018,133.0"
"Sudan,2018,139.0"
"Pakistan,2018,136.0"
"Chad,2018,138.0"
"Trinidad and Tobago,2018,144.0"
"Guatemala,2018,88.0"
"Turkmenistan,2018,130.0"
"Gambia The,2018,131.0"
"Madagascar,2018,128.0"
"Guinea-Bissau,2018,116.0"
"Mongolia,2018,93.0"
"Bolivia,2018,127.0"
"Guyana,2018,137.0"
"Fiji,2018,143.0"
"Tajikistan,2018,104.0"
"Mauritania,2018,134.0"
"Equatorial Guinea,2018,126.0"
"Myanmar,2018,108.0"
"Syrian Arab Republic,2018,148.0"
"Lesotho,2018,132.0"
"Yemen Rep.,2018,151.0"
"Senegal,2018,145.0"
"Venezuela RB,2018,141.0"
"Liberia,2018,69.0"
"Somalia,2018,157.0"
"Guinea,2018,160.0"
"Cuba,2018,147.0"
"Iraq,2018,129.0"
"Papua New Guinea,2018,150.0"
"Bhutan,2018,146.0"
"Gabon,2018,135.0"
"Central African Republic,2018,156.0"
"Zimbabwe,2018,152.0"
"Haiti,2018,149.0"
"Libya,2018,123.0"
"Eritrea,2018,159.0"
"Sierra Leone,2018,154.0"
"Niger,2018,155.0"
"Burundi,2018,158.0"
"Angola,2018,140.0"
"Afghanistan,2018,153.0"
"Germany,2016,4.453368"
"Luxembourg,2016,4.795714"
"Sweden,2016,4.452816"
"Netherlands,2016,4.413116"
"Singapore,2016,4.395202"
"Belgium,2016,4.426187"
"Austria,2016,4.371814"
"United Kingdom,2016,4.33487"
"Hong Kong SAR China,2016,4.289687"
"United States,2016,4.250527"
"Switzerland,2016,4.235078"
"Japan,2016,4.206616"
"United Arab Emirates,2016,4.134212"
"Canada,2016,4.009393"
"Finland,2016,4.141268"
"France,2016,4.24684"
"Denmark,2016,3.924305"
"Ireland,2016,3.937329"
"Australia,2016,4.044528"
"South Africa,2016,4.018158"
"Italy,2016,4.032609"
"Norway,2016,3.773581"
"Spain,2016,3.999192"
"Korea Rep.,2016,4.025192"
"Taiwan China,2016,4.249417"
"Czechia,2016,3.944818"
"China,2016,3.896284"
"Israel,2016,4.266733"
"Lithuania,2016,4.140883"
"Qatar,2016,3.832534"
"Hungary,2016,3.875794"
"Malaysia,2016,3.652954"
"Poland,2016,3.803532"
"Turkiye,2016,3.748734"
"India,2016,3.73805"
"Portugal,2016,3.946196"
"New Zealand,2016,4.115262"
"Estonia,2016,4.07753"
"Iceland,2016,3.884776"
"Panama,2016,3.744687"
"Slovak Republic,2016,3.808031"
"Kenya,2016,3.696094"
"Latvia,2016,3.621859"
"Bahrain,2016,3.583449"
"Thailand,2016,3.559929"
"Chile,2016,3.711495"
"Greece,2016,3.847529"
"Oman,2016,3.497227"
"Egypt Arab Rep.,2016,3.627932"
"Slovenia,2016,3.473093"
"Croatia,2016,3.389019"
"Saudi Arabia,2016,3.532834"
"Kuwait,2016,3.507576"
"Mexico,2016,3.377595"
"Brazil,2016,3.391947"
"Malta,2016,3.612073"
"Botswana,2016,3.71874"
"Uganda,2016,3.698085"
"Cyprus,2016,3.79341"
"Romania,2016,3.224222"
"Tanzania,2016,3.443588"
"Rwanda,2016,3.351829"
"Indonesia,2016,3.459917"
"Viet Nam,2016,3.498359"
"Uruguay,2016,3.474511"
"Argentina,2016,3.470985"
"Jordan,2016,3.339701"
"Pakistan,2016,3.482062"
"Peru,2016,3.227712"
"Brunei Darussalam,2016,3.192208"
"Philippines,2016,3.348485"
"Bulgaria,2016,3.309184"
"Cambodia,2016,3.304648"
"Ecuador,2016,3.232686"
"Algeria,2016,3.079681"
"Serbia,2016,3.228571"
"Kazakhstan,2016,3.063267"
"Bahamas The,2016,2.928102"
"Namibia,2016,3.191326"
"Ukraine,2016,3.511889"
"Burkina Faso,2016,3.132258"
"Lebanon,2016,2.86281"
"El Salvador,2016,3.289727"
"Mozambique,2016,3.035055"
"Guyana,2016,3.119813"
"Morocco,2016,3.199339"
"Bangladesh,2016,2.901212"
"Ghana,2016,3.209615"
"Costa Rica,2016,2.975127"
"Nigeria,2016,3.041795"
"Dominican Republic,2016,3.062424"
"Togo,2016,3.241372"
"Moldova,2016,3.159559"
"Colombia,2016,3.231435"
"Cote d'Ivoire,2016,2.706679"
"Iran Islamic Rep.,2016,2.813272"
"Bosnia and Herzegovina,2016,2.940335"
"Comoros,2016,2.819472"
"Russian Federation,2016,3.15369"
"Niger,2016,3.016939"
"Paraguay,2016,2.927926"
"Nicaragua,2016,2.677015"
"Sudan,2016,3.275866"
"Maldives,2016,2.877716"
"Papua New Guinea,2016,2.781616"
"North Macedonia,2016,3.129398"
"Burundi,2016,3.449404"
"Mongolia,2016,3.398213"
"Mali,2016,2.928013"
"Tunisia,2016,3.0"
"Guatemala,2016,2.984158"
"Honduras,2016,2.911381"
"Myanmar,2016,2.848624"
"Zambia,2016,2.73847"
"Benin,2016,2.690662"
"Solomon Islands,2016,2.764786"
"Albania,2016,3.050476"
"Uzbekistan,2016,2.832432"
"Jamaica,2016,2.643435"
"Belarus,2016,3.040923"
"Trinidad and Tobago,2016,2.788676"
"Venezuela RB,2016,2.713105"
"Montenegro,2016,2.690503"
"Nepal,2016,2.933333"
"Congo Rep.,2016,2.573449"
"Ethiopia,2016,2.370804"
"Congo Dem. Rep.,2016,2.943389"
"Guinea-Bissau,2016,2.740741"
"Guinea,2016,2.375447"
"Georgia,2016,2.804293"
"Cuba,2016,2.510156"
"Senegal,2016,2.606071"
"Sao Tome and Principe,2016,2.747457"
"Djibouti,2016,2.690058"
"Bhutan,2016,2.695238"
"Fiji,2016,2.602839"
"Libya,2016,2.834259"
"Bolivia,2016,2.791455"
"Angola,2016,2.589369"
"Turkmenistan,2016,2.588384"
"Armenia,2016,2.604003"
"Liberia,2016,2.728634"
"Gabon,2016,2.522377"
"Eritrea,2016,2.49662"
"Chad,2016,2.254151"
"Kyrgyz Republic,2016,2.719762"
"Madagascar,2016,2.347782"
"Cameroon,2016,2.286961"
"Iraq,2016,2.663845"
"Afghanistan,2016,2.611203"
"Zimbabwe,2016,2.131905"
"Lao PDR,2016,2.678501"
"Tajikistan,2016,2.039145"
"Lesotho,2016,2.353684"
"Sierra Leone,2016,2.229302"
"Equatorial Guinea,2016,2.319196"
"Mauritania,2016,2.142857"
"Somalia,2016,2.346939"
"Haiti,2016,2.023799"
"Syrian Arab Republic,2016,2.396943"
"Germany,2016,2.0"
"Luxembourg,2016,1.0"
"Sweden,2016,3.0"
"Netherlands,2016,5.0"
"Singapore,2016,6.0"
"Belgium,2016,4.0"
"Austria,2016,7.0"
"United Kingdom,2016,8.0"
"Hong Kong SAR China,2016,9.0"
"United States,2016,11.0"
"Switzerland,2016,14.0"
"Japan,2016,15.0"
"United Arab Emirates,2016,18.0"
"Canada,2016,25.0"
"Finland,2016,16.0"
"France,2016,13.0"
"Denmark,2016,30.0"
"Ireland,2016,29.0"
"Australia,2016,21.0"
"South Africa,2016,24.0"
"Italy,2016,22.0"
"Norway,2016,39.0"
"Spain,2016,26.0"
"Korea Rep.,2016,23.0"
"Taiwan China,2016,12.0"
"Czechia,2016,28.0"
"China,2016,31.0"
"Israel,2016,10.0"
"Lithuania,2016,17.0"
"Qatar,2016,35.0"
"Hungary,2016,33.0"
"Malaysia,2016,47.0"
"Poland,2016,37.0"
"Turkiye,2016,40.0"
"India,2016,42.0"
"Portugal,2016,27.0"
"New Zealand,2016,19.0"
"Estonia,2016,20.0"
"Iceland,2016,32.0"
"Panama,2016,41.0"
"Slovak Republic,2016,36.0"
"Kenya,2016,46.0"
"Latvia,2016,49.0"
"Bahrain,2016,51.0"
"Thailand,2016,52.0"
"Chile,2016,44.0"
"Greece,2016,34.0"
"Oman,2016,57.0"
"Egypt Arab Rep.,2016,48.0"
"Slovenia,2016,60.0"
"Croatia,2016,67.0"
"Saudi Arabia,2016,53.0"
"Kuwait,2016,55.0"
"Mexico,2016,68.0"
"Brazil,2016,66.0"
"Malta,2016,50.0"
"Botswana,2016,43.0"
"Uganda,2016,45.0"
"Cyprus,2016,38.0"
"Romania,2016,81.0"
"Tanzania,2016,64.0"
"Rwanda,2016,69.0"
"Indonesia,2016,62.0"
"Viet Nam,2016,56.0"
"Uruguay,2016,59.0"
"Argentina,2016,61.0"
"Jordan,2016,71.0"
"Pakistan,2016,58.0"
"Peru,2016,80.0"
"Brunei Darussalam,2016,84.0"
"Philippines,2016,70.0"
"Bulgaria,2016,72.0"
"Cambodia,2016,73.0"
"Ecuador,2016,77.0"
"Algeria,2016,91.0"
"Serbia,2016,79.0"
"Kazakhstan,2016,92.0"
"Bahamas The,2016,105.0"
"Namibia,2016,85.0"
"Ukraine,2016,54.0"
"Burkina Faso,2016,88.0"
"Lebanon,2016,111.0"
"El Salvador,2016,74.0"
"Mozambique,2016,97.0"
"Guyana,2016,90.0"
"Morocco,2016,83.0"
"Bangladesh,2016,109.0"
"Ghana,2016,82.0"
"Costa Rica,2016,101.0"
"Nigeria,2016,95.0"
"Dominican Republic,2016,93.0"
"Togo,2016,76.0"
"Moldova,2016,86.0"
"Colombia,2016,78.0"
"Cote d'Ivoire,2016,128.0"
"Iran Islamic Rep.,2016,116.0"
"Bosnia and Herzegovina,2016,103.0"
"Comoros,2016,115.0"
"Russian Federation,2016,87.0"
"Niger,2016,98.0"
"Paraguay,2016,107.0"
"Nicaragua,2016,134.0"
"Sudan,2016,75.0"
"Maldives,2016,110.0"
"Papua New Guinea,2016,120.0"
"North Macedonia,2016,89.0"
"Burundi,2016,63.0"
"Mongolia,2016,65.0"
"Mali,2016,106.0"
"Tunisia,2016,99.0"
"Guatemala,2016,100.0"
"Honduras,2016,108.0"
"Myanmar,2016,112.0"
"Zambia,2016,124.0"
"Benin,2016,130.0"
"Solomon Islands,2016,121.0"
"Albania,2016,94.0"
"Uzbekistan,2016,114.0"
"Jamaica,2016,136.0"
"Belarus,2016,96.0"
"Trinidad and Tobago,2016,119.0"
"Venezuela RB,2016,127.0"
"Montenegro,2016,131.0"
"Nepal,2016,104.0"
"Congo Rep.,2016,143.0"
"Ethiopia,2016,149.0"
"Congo Dem. Rep.,2016,102.0"
"Guinea-Bissau,2016,123.0"
"Guinea,2016,148.0"
"Georgia,2016,117.0"
"Cuba,2016,145.0"
"Senegal,2016,138.0"
"Sao Tome and Principe,2016,122.0"
"Djibouti,2016,132.0"
"Bhutan,2016,129.0"
"Fiji,2016,140.0"
"Libya,2016,113.0"
"Bolivia,2016,118.0"
"Angola,2016,141.0"
"Turkmenistan,2016,142.0"
"Armenia,2016,139.0"
"Liberia,2016,125.0"
"Gabon,2016,144.0"
"Eritrea,2016,146.0"
"Chad,2016,155.0"
"Kyrgyz Republic,2016,126.0"
"Madagascar,2016,151.0"
"Cameroon,2016,154.0"
"Iraq,2016,135.0"
"Afghanistan,2016,137.0"
"Zimbabwe,2016,158.0"
"Lao PDR,2016,133.0"
"Tajikistan,2016,159.0"
"Lesotho,2016,150.0"
"Sierra Leone,2016,156.0"
"Equatorial Guinea,2016,153.0"
"Mauritania,2016,157.0"
"Somalia,2016,152.0"
"Haiti,2016,160.0"
"Syrian Arab Republic,2016,147.0"
"Germany,2014,4.360813"
"Netherlands,2014,4.336971"
"Belgium,2014,4.390126"
"United Kingdom,2014,4.328614"
"Singapore,2014,4.249636"
"Sweden,2014,4.258333"
"Norway,2014,4.358583"
"Luxembourg,2014,4.705877"
"United States,2014,4.136495"
"Japan,2014,4.23948"
"Ireland,2014,4.125285"
"Canada,2014,4.177313"
"France,2014,4.174037"
"Switzerland,2014,4.058712"
"Hong Kong SAR China,2014,4.061154"
"Australia,2014,4.002407"
"Denmark,2014,4.385104"
"Spain,2014,4.074288"
"Taiwan China,2014,4.023993"
"Italy,2014,4.04898"
"Korea Rep.,2014,3.995877"
"Austria,2014,4.03734"
"New Zealand,2014,3.723192"
"Finland,2014,3.799397"
"Malaysia,2014,3.91714"
"Portugal,2014,3.868503"
"United Arab Emirates,2014,3.915654"
"China,2014,3.866815"
"Qatar,2014,3.869697"
"Turkiye,2014,3.684326"
"Poland,2014,4.133248"
"Czechia,2014,3.734156"
"Hungary,2014,4.05913"
"South Africa,2014,3.881041"
"Thailand,2014,3.95624"
"Latvia,2014,4.059148"
"Iceland,2014,3.508876"
"Slovenia,2014,3.817306"
"Estonia,2014,3.552381"
"Romania,2014,3.998976"
"Israel,2014,4.17619"
"Chile,2014,3.591146"
"Slovak Republic,2014,3.942416"
"Greece,2014,3.504077"
"Panama,2014,3.630392"
"Lithuania,2014,3.601811"
"Bulgaria,2014,4.037054"
"Viet Nam,2014,3.490345"
"Saudi Arabia,2014,3.554646"
"Mexico,2014,3.570401"
"Malta,2014,3.153846"
"Bahrain,2014,2.8"
"Indonesia,2014,3.529022"
"India,2014,3.510833"
"Croatia,2014,3.368421"
"Kuwait,2014,3.394986"
"Philippines,2014,3.066667"
"Cyprus,2014,3.307692"
"Oman,2014,3.291958"
"Argentina,2014,3.492036"
"Ukraine,2014,3.509188"
"Egypt Arab Rep.,2014,2.992103"
"Serbia,2014,3.552764"
"El Salvador,2014,2.753175"
"Brazil,2014,3.387455"
"Bahamas The,2014,3.19439"
"Montenegro,2014,3.187985"
"Jordan,2014,3.459975"
"Dominican Republic,2014,3.178105"
"Jamaica,2014,3.140595"
"Peru,2014,3.298387"
"Pakistan,2014,2.787518"
"Malawi,2014,2.989155"
"Kenya,2014,3.579861"
"Nigeria,2014,3.464486"
"Venezuela RB,2014,3.184781"
"Guatemala,2014,3.239358"
"Paraguay,2014,3.216688"
"Cote d'Ivoire,2014,3.31321"
"Rwanda,2014,3.339394"
"Bosnia and Herzegovina,2014,3.443667"
"Maldives,2014,2.51148"
"Cambodia,2014,2.75"
"Sao Tome and Principe,2014,2.768308"
"Lebanon,2014,2.888889"
"Ecuador,2014,3.177934"
"Costa Rica,2014,3.038596"
"Kazakhstan,2014,3.235119"
"Sri Lanka,2014,3.119593"
"Russian Federation,2014,3.137022"
"Uruguay,2014,3.05984"
"Armenia,2014,3.0"
"Namibia,2014,3.146642"
"Moldova,2014,2.887574"
"Nicaragua,2014,3.165664"
"Algeria,2014,3.040816"
"Colombia,2014,2.87381"
"Burkina Faso,2014,3.205357"
"Belarus,2014,3.047282"
"Ghana,2014,2.860047"
"Senegal,2014,2.525"
"Liberia,2014,2.571429"
"Honduras,2014,2.787936"
"Ethiopia,2014,3.166667"
"Nepal,2014,3.056873"
"Solomon Islands,2014,2.963384"
"Burundi,2014,2.76"
"Bangladesh,2014,3.18"
"Benin,2014,2.851515"
"Tunisia,2014,3.159045"
"Fiji,2014,2.97"
"Angola,2014,3.023951"
"Chad,2014,3.023148"
"Tajikistan,2014,2.737212"
"Mauritius,2014,2.875"
"Georgia,2014,3.093311"
"North Macedonia,2014,2.807487"
"Libya,2014,2.854455"
"Mali,2014,2.902778"
"Botswana,2014,2.940828"
"Bolivia,2014,2.596118"
"Guinea,2014,3.097318"
"Zambia,2014,2.912626"
"Guyana,2014,2.742693"
"Azerbaijan,2014,2.571429"
"Papua New Guinea,2014,2.733333"
"Guinea-Bissau,2014,2.714286"
"Comoros,2014,2.371569"
"Uzbekistan,2014,3.08254"
"Niger,2014,2.758271"
"Lao PDR,2014,2.651358"
"Madagascar,2014,3.074495"
"Lesotho,2014,2.600309"
"Central African Republic,2014,2.474603"
"Mongolia,2014,2.514131"
"Equatorial Guinea,2014,2.861111"
"Zimbabwe,2014,2.934579"
"Tanzania,2014,2.892907"
"Togo,2014,2.599977"
"Turkmenistan,2014,2.447016"
"Iraq,2014,2.851242"
"Cameroon,2014,2.795748"
"Bhutan,2014,2.282645"
"Haiti,2014,2.626167"
"Myanmar,2014,2.834249"
"Gambia The,2014,2.458025"
"Mozambique,2014,2.73718"
"Mauritania,2014,2.75"
"Kyrgyz Republic,2014,2.361905"
"Gabon,2014,2.308838"
"Yemen Rep.,2014,2.779018"
"Cuba,2014,2.448222"
"Sudan,2014,2.33009"
"Djibouti,2014,2.742111"
"Syrian Arab Republic,2014,2.525049"
"Eritrea,2014,2.787778"
"Congo Rep.,2014,2.583333"
"Afghanistan,2014,2.482138"
"Congo Dem. Rep.,2014,2.037745"
"Somalia,2014,1.875"
"Germany,2014,4.0"
"Netherlands,2014,6.0"
"Belgium,2014,2.0"
"United Kingdom,2014,7.0"
"Singapore,2014,9.0"
"Sweden,2014,8.0"
"Norway,2014,5.0"
"Luxembourg,2014,1.0"
"United States,2014,14.0"
"Japan,2014,10.0"
"Ireland,2014,16.0"
"Canada,2014,11.0"
"France,2014,13.0"
"Switzerland,2014,21.0"
"Hong Kong SAR China,2014,18.0"
"Australia,2014,26.0"
"Denmark,2014,3.0"
"Spain,2014,17.0"
"Taiwan China,2014,25.0"
"Italy,2014,22.0"
"Korea Rep.,2014,28.0"
"Austria,2014,23.0"
"New Zealand,2014,40.0"
"Finland,2014,38.0"
"Malaysia,2014,31.0"
"Portugal,2014,35.0"
"United Arab Emirates,2014,32.0"
"China,2014,36.0"
"Qatar,2014,34.0"
"Turkiye,2014,41.0"
"Poland,2014,15.0"
"Czechia,2014,39.0"
"Hungary,2014,20.0"
"South Africa,2014,33.0"
"Thailand,2014,29.0"
"Latvia,2014,19.0"
"Iceland,2014,53.0"
"Slovenia,2014,37.0"
"Estonia,2014,49.0"
"Romania,2014,27.0"
"Israel,2014,12.0"
"Chile,2014,44.0"
"Slovak Republic,2014,30.0"
"Greece,2014,54.0"
"Panama,2014,42.0"
"Lithuania,2014,43.0"
"Bulgaria,2014,24.0"
"Viet Nam,2014,56.0"
"Saudi Arabia,2014,47.0"
"Mexico,2014,46.0"
"Malta,2014,81.0"
"Bahrain,2014,119.0"
"Indonesia,2014,50.0"
"India,2014,51.0"
"Croatia,2014,62.0"
"Kuwait,2014,60.0"
"Philippines,2014,90.0"
"Cyprus,2014,65.0"
"Oman,2014,67.0"
"Argentina,2014,55.0"
"Ukraine,2014,52.0"
"Egypt Arab Rep.,2014,99.0"
"Serbia,2014,48.0"
"El Salvador,2014,128.0"
"Brazil,2014,61.0"
"Bahamas The,2014,72.0"
"Montenegro,2014,73.0"
"Jordan,2014,58.0"
"Dominican Republic,2014,76.0"
"Jamaica,2014,83.0"
"Peru,2014,66.0"
"Pakistan,2014,123.0"
"Malawi,2014,100.0"
"Kenya,2014,45.0"
"Nigeria,2014,57.0"
"Venezuela RB,2014,74.0"
"Guatemala,2014,68.0"
"Paraguay,2014,70.0"
"Cote d'Ivoire,2014,64.0"
"Rwanda,2014,63.0"
"Bosnia and Herzegovina,2014,59.0"
"Maldives,2014,148.0"
"Cambodia,2014,129.0"
"Sao Tome and Principe,2014,125.0"
"Lebanon,2014,108.0"
"Ecuador,2014,77.0"
"Costa Rica,2014,95.0"
"Kazakhstan,2014,69.0"
"Sri Lanka,2014,85.0"
"Russian Federation,2014,84.0"
"Uruguay,2014,91.0"
"Armenia,2014,98.0"
"Namibia,2014,82.0"
"Moldova,2014,109.0"
"Nicaragua,2014,79.0"
"Algeria,2014,94.0"
"Colombia,2014,111.0"
"Burkina Faso,2014,71.0"
"Belarus,2014,93.0"
"Ghana,2014,113.0"
"Senegal,2014,146.0"
"Liberia,2014,144.0"
"Honduras,2014,121.0"
"Ethiopia,2014,78.0"
"Nepal,2014,92.0"
"Solomon Islands,2014,102.0"
"Burundi,2014,126.0"
"Bangladesh,2014,75.0"
"Benin,2014,115.0"
"Tunisia,2014,80.0"
"Fiji,2014,101.0"
"Angola,2014,96.0"
"Chad,2014,97.0"
"Tajikistan,2014,133.0"
"Mauritius,2014,110.0"
"Georgia,2014,87.0"
"North Macedonia,2014,118.0"
"Libya,2014,114.0"
"Mali,2014,106.0"
"Botswana,2014,103.0"
"Bolivia,2014,141.0"
"Guinea,2014,86.0"
"Zambia,2014,105.0"
"Guyana,2014,131.0"
"Azerbaijan,2014,143.0"
"Papua New Guinea,2014,135.0"
"Guinea-Bissau,2014,136.0"
"Comoros,2014,154.0"
"Uzbekistan,2014,88.0"
"Niger,2014,127.0"
"Lao PDR,2014,137.0"
"Madagascar,2014,89.0"
"Lesotho,2014,139.0"
"Central African Republic,2014,150.0"
"Mongolia,2014,147.0"
"Equatorial Guinea,2014,112.0"
"Zimbabwe,2014,104.0"
"Tanzania,2014,107.0"
"Togo,2014,140.0"
"Turkmenistan,2014,153.0"
"Iraq,2014,116.0"
"Cameroon,2014,120.0"
"Bhutan,2014,158.0"
"Haiti,2014,138.0"
"Myanmar,2014,117.0"
"Gambia The,2014,151.0"
"Mozambique,2014,134.0"
"Mauritania,2014,130.0"
"Kyrgyz Republic,2014,155.0"
"Gabon,2014,157.0"
"Yemen Rep.,2014,124.0"
"Cuba,2014,152.0"
"Sudan,2014,156.0"
"Djibouti,2014,132.0"
"Syrian Arab Republic,2014,145.0"
"Eritrea,2014,122.0"
"Congo Rep.,2014,142.0"
"Afghanistan,2014,149.0"
"Congo Dem. Rep.,2014,159.0"
"Somalia,2014,160.0"
"Singapore,2012,4.394355"
"Hong Kong SAR China,2012,4.284972"
"Finland,2012,4.095593"
"Germany,2012,4.317642"
"Netherlands,2012,4.14585"
"Denmark,2012,4.20819"
"Belgium,2012,4.197801"
"Japan,2012,4.21071"
"United States,2012,4.205264"
"United Kingdom,2012,4.191612"
"Austria,2012,3.785771"
"France,2012,4.019439"
"Sweden,2012,4.262959"
"Canada,2012,4.305873"
"Luxembourg,2012,4.18746"
"Switzerland,2012,4.013348"
"United Arab Emirates,2012,4.096845"
"Australia,2012,4.048654"
"Taiwan China,2012,4.095858"
"Spain,2012,4.02043"
"Korea Rep.,2012,4.024577"
"Norway,2012,4.086168"
"South Africa,2012,4.033038"
"Italy,2012,4.047426"
"Ireland,2012,3.772247"
"China,2012,3.796915"
"Turkiye,2012,3.865546"
"Portugal,2012,3.883898"
"Malaysia,2012,3.858011"
"Poland,2012,4.037472"
"New Zealand,2012,3.553681"
"Iceland,2012,3.621197"
"Qatar,2012,3.995446"
"Slovenia,2012,3.602505"
"Cyprus,2012,3.536417"
"Bulgaria,2012,3.560814"
"Saudi Arabia,2012,3.755949"
"Thailand,2012,3.626809"
"Chile,2012,3.473585"
"Hungary,2012,3.405496"
"Tunisia,2012,3.75"
"Croatia,2012,3.54321"
"Malta,2012,3.785714"
"Czechia,2012,3.400811"
"Brazil,2012,3.552235"
"India,2012,3.581115"
"Mexico,2012,3.471374"
"Bahrain,2012,3.416667"
"Argentina,2012,3.266585"
"Morocco,2012,3.511027"
"Slovak Republic,2012,3.573868"
"Philippines,2012,3.302083"
"Viet Nam,2012,3.644687"
"Romania,2012,3.816142"
"Bosnia and Herzegovina,2012,3.613445"
"Uruguay,2012,3.162219"
"Egypt Arab Rep.,2012,3.390457"
"Lithuania,2012,3.697195"
"Indonesia,2012,3.611708"
"Peru,2012,3.401072"
"Panama,2012,3.465441"
"Oman,2012,3.165959"
"Yemen Rep.,2012,3.289116"
"Colombia,2012,3.451564"
"Estonia,2012,3.226374"
"Ukraine,2012,3.311718"
"Benin,2012,3.736111"
"Botswana,2012,3.428787"
"Greece,2012,3.321062"
"Kuwait,2012,3.10726"
"Pakistan,2012,3.138721"
"Mauritius,2012,3.521843"
"Malawi,2012,3.091285"
"Guatemala,2012,3.191132"
"Serbia,2012,3.141491"
"Latvia,2012,3.078947"
"Georgia,2012,2.860055"
"Albania,2012,3.578028"
"Ecuador,2012,3.421552"
"Bahamas The,2012,2.987724"
"Sri Lanka,2012,2.901328"
"Costa Rica,2012,3.186154"
"Cote d'Ivoire,2012,3.359149"
"Madagascar,2012,3.133333"
"Dominican Republic,2012,2.966711"
"Kazakhstan,2012,2.728217"
"Niger,2012,3.071596"
"Tanzania,2012,2.968627"
"Namibia,2012,2.521458"
"Bolivia,2012,2.953585"
"Belarus,2012,2.873873"
"Syrian Arab Republic,2012,3.262124"
"El Salvador,2012,3.081696"
"Guinea-Bissau,2012,2.736212"
"Russian Federation,2012,3.016401"
"Lebanon,2012,3.112103"
"Togo,2012,2.765306"
"Central African Republic,2012,3.334199"
"North Macedonia,2012,2.790786"
"Armenia,2012,3.070513"
"Cambodia,2012,2.945455"
"Jordan,2012,2.922314"
"Zimbabwe,2012,3.268132"
"Maldives,2012,2.959198"
"Honduras,2012,2.903887"
"Cameroon,2012,3.194148"
"Bhutan,2012,2.896457"
"Ghana,2012,2.760417"
"Lao PDR,2012,2.820513"
"Senegal,2012,2.735655"
"Venezuela RB,2012,3.176373"
"Iran Islamic Rep.,2012,2.663043"
"Paraguay,2012,2.739073"
"Sao Tome and Principe,2012,2.782828"
"Guinea,2012,2.499084"
"Azerbaijan,2012,3.226531"
"Uzbekistan,2012,2.963542"
"Gambia The,2012,2.546311"
"Liberia,2012,2.839706"
"Montenegro,2012,2.891532"
"Nigeria,2012,2.924405"
"Kenya,2012,2.882616"
"Fiji,2012,3.118678"
"Jamaica,2012,2.911947"
"Algeria,2012,2.854286"
"Solomon Islands,2012,3.044317"
"Mauritania,2012,2.598114"
"Papua New Guinea,2012,3.013305"
"Myanmar,2012,2.58936"
"Kyrgyz Republic,2012,2.68614"
"Gabon,2012,3.0"
"Moldova,2012,2.743191"
"Guyana,2012,2.668056"
"Burkina Faso,2012,2.666667"
"Afghanistan,2012,2.795259"
"Tajikistan,2012,2.507453"
"Libya,2012,2.508929"
"Angola,2012,2.585969"
"Rwanda,2012,2.763869"
"Mongolia,2012,2.992222"
"Ethiopia,2012,2.537377"
"Lesotho,2012,2.731429"
"Congo Dem. Rep.,2012,2.381492"
"Cuba,2012,2.308553"
"Iraq,2012,2.771385"
"Comoros,2012,2.699495"
"Eritrea,2012,2.433333"
"Sudan,2012,2.309799"
"Congo Rep.,2012,2.903527"
"Sierra Leone,2012,2.348754"
"Nepal,2012,2.208121"
"Chad,2012,2.714286"
"Haiti,2012,2.736027"
"Djibouti,2012,2.190326"
"Burundi,2012,1.665079"
"Singapore,2012,1.0"
"Hong Kong SAR China,2012,4.0"
"Finland,2012,15.0"
"Germany,2012,2.0"
"Netherlands,2012,12.0"
"Denmark,2012,7.0"
"Belgium,2012,9.0"
"Japan,2012,6.0"
"United States,2012,8.0"
"United Kingdom,2012,10.0"
"Austria,2012,31.0"
"France,2012,23.0"
"Sweden,2012,5.0"
"Canada,2012,3.0"
"Luxembourg,2012,11.0"
"Switzerland,2012,24.0"
"United Arab Emirates,2012,13.0"
"Australia,2012,17.0"
"Taiwan China,2012,14.0"
"Spain,2012,22.0"
"Korea Rep.,2012,21.0"
"Norway,2012,16.0"
"South Africa,2012,20.0"
"Italy,2012,18.0"
"Ireland,2012,33.0"
"China,2012,30.0"
"Turkiye,2012,27.0"
"Portugal,2012,26.0"
"Malaysia,2012,28.0"
"Poland,2012,19.0"
"New Zealand,2012,48.0"
"Iceland,2012,40.0"
"Qatar,2012,25.0"
"Slovenia,2012,43.0"
"Cyprus,2012,51.0"
"Bulgaria,2012,47.0"
"Saudi Arabia,2012,34.0"
"Thailand,2012,39.0"
"Chile,2012,54.0"
"Hungary,2012,61.0"
"Tunisia,2012,35.0"
"Croatia,2012,50.0"
"Malta,2012,32.0"
"Czechia,2012,63.0"
"Brazil,2012,49.0"
"India,2012,44.0"
"Mexico,2012,55.0"
"Bahrain,2012,60.0"
"Argentina,2012,72.0"
"Morocco,2012,53.0"
"Slovak Republic,2012,46.0"
"Philippines,2012,69.0"
"Viet Nam,2012,38.0"
"Romania,2012,29.0"
"Bosnia and Herzegovina,2012,41.0"
"Uruguay,2012,81.0"
"Egypt Arab Rep.,2012,64.0"
"Lithuania,2012,37.0"
"Indonesia,2012,42.0"
"Peru,2012,62.0"
"Panama,2012,56.0"
"Oman,2012,80.0"
"Yemen Rep.,2012,70.0"
"Colombia,2012,57.0"
"Estonia,2012,75.0"
"Ukraine,2012,68.0"
"Benin,2012,36.0"
"Botswana,2012,58.0"
"Greece,2012,67.0"
"Kuwait,2012,87.0"
"Pakistan,2012,83.0"
"Mauritius,2012,52.0"
"Malawi,2012,88.0"
"Guatemala,2012,77.0"
"Serbia,2012,82.0"
"Latvia,2012,90.0"
"Georgia,2012,115.0"
"Albania,2012,45.0"
"Ecuador,2012,59.0"
"Bahamas The,2012,98.0"
"Sri Lanka,2012,110.0"
"Costa Rica,2012,78.0"
"Cote d'Ivoire,2012,65.0"
"Madagascar,2012,84.0"
"Dominican Republic,2012,100.0"
"Kazakhstan,2012,132.0"
"Niger,2012,91.0"
"Tanzania,2012,99.0"
"Namibia,2012,144.0"
"Bolivia,2012,103.0"
"Belarus,2012,114.0"
"Syrian Arab Republic,2012,73.0"
"El Salvador,2012,89.0"
"Guinea-Bissau,2012,128.0"
"Russian Federation,2012,94.0"
"Lebanon,2012,86.0"
"Togo,2012,123.0"
"Central African Republic,2012,66.0"
"North Macedonia,2012,120.0"
"Armenia,2012,92.0"
"Cambodia,2012,104.0"
"Jordan,2012,106.0"
"Zimbabwe,2012,71.0"
"Maldives,2012,102.0"
"Honduras,2012,108.0"
"Cameroon,2012,76.0"
"Bhutan,2012,111.0"
"Ghana,2012,125.0"
"Lao PDR,2012,118.0"
"Senegal,2012,130.0"
"Venezuela RB,2012,79.0"
"Iran Islamic Rep.,2012,138.0"
"Paraguay,2012,127.0"
"Sao Tome and Principe,2012,121.0"
"Guinea,2012,147.0"
"Azerbaijan,2012,74.0"
"Uzbekistan,2012,101.0"
"Gambia The,2012,142.0"
"Liberia,2012,117.0"
"Montenegro,2012,112.0"
"Nigeria,2012,105.0"
"Kenya,2012,113.0"
"Fiji,2012,85.0"
"Jamaica,2012,107.0"
"Algeria,2012,116.0"
"Solomon Islands,2012,93.0"
"Mauritania,2012,139.0"
"Papua New Guinea,2012,95.0"
"Myanmar,2012,140.0"
"Kyrgyz Republic,2012,135.0"
"Gabon,2012,96.0"
"Moldova,2012,126.0"
"Guyana,2012,136.0"
"Burkina Faso,2012,137.0"
"Afghanistan,2012,119.0"
"Tajikistan,2012,146.0"
"Libya,2012,145.0"
"Angola,2012,141.0"
"Rwanda,2012,124.0"
"Mongolia,2012,97.0"
"Ethiopia,2012,143.0"
"Lesotho,2012,131.0"
"Congo Dem. Rep.,2012,149.0"
"Cuba,2012,152.0"
"Iraq,2012,122.0"
"Comoros,2012,134.0"
"Eritrea,2012,148.0"
"Sudan,2012,151.0"
"Congo Rep.,2012,109.0"
"Sierra Leone,2012,150.0"
"Nepal,2012,153.0"
"Chad,2012,133.0"
"Haiti,2012,129.0"
"Djibouti,2012,154.0"
"Burundi,2012,155.0"
"Germany,2010,4.482917"
"Singapore,2010,4.232345"
"Sweden,2010,4.323883"
"Netherlands,2010,4.407749"
"Luxembourg,2010,4.579837"
"Switzerland,2010,4.204013"
"Japan,2010,4.260915"
"United Kingdom,2010,4.37421"
"Belgium,2010,4.28817"
"Norway,2010,4.354798"
"Ireland,2010,4.471428"
"Finland,2010,4.080251"
"Hong Kong SAR China,2010,4.03683"
"Canada,2010,4.40783"
"United States,2010,4.185375"
"Denmark,2010,4.378881"
"France,2010,4.37266"
"Australia,2010,4.157593"
"Austria,2010,4.08293"
"Taiwan China,2010,3.952727"
"New Zealand,2010,4.166667"
"Italy,2010,4.080522"
"Korea Rep.,2010,3.972869"
"United Arab Emirates,2010,3.935301"
"Spain,2010,4.118271"
"Czechia,2010,4.155934"
"China,2010,3.914685"
"South Africa,2010,3.56943"
"Malaysia,2010,3.85905"
"Poland,2010,4.523801"
"Israel,2010,3.773384"
"Bahrain,2010,3.850859"
"Lebanon,2010,3.970332"
"Portugal,2010,3.843364"
"Thailand,2010,3.725165"
"Kuwait,2010,3.698568"
"Latvia,2010,3.720725"
"Slovak Republic,2010,3.924556"
"Turkiye,2010,3.938816"
"Saudi Arabia,2010,3.780412"
"Brazil,2010,4.137099"
"Iceland,2010,3.269074"
"Estonia,2010,3.682249"
"Philippines,2010,3.825752"
"Lithuania,2010,3.920636"
"Cyprus,2010,3.438725"
"India,2010,3.609394"
"Argentina,2010,3.816632"
"Chile,2010,3.796216"
"Mexico,2010,3.6645"
"Panama,2010,3.759649"
"Hungary,2010,3.519255"
"Viet Nam,2010,3.437055"
"Greece,2010,3.493568"
"Qatar,2010,4.085034"
"Costa Rica,2010,3.711482"
"Slovenia,2010,3.10214"
"Senegal,2010,3.517298"
"Romania,2010,3.453515"
"Oman,2010,3.935417"
"Tunisia,2010,3.565238"
"Kazakhstan,2010,3.2501"
"Bulgaria,2010,3.183333"
"Malta,2010,3.024691"
"Dominican Republic,2010,3.852565"
"Uganda,2010,3.522594"
"Peru,2010,3.383191"
"Uzbekistan,2010,3.720233"
"Benin,2010,3.49442"
"Honduras,2010,3.829434"
"Ecuador,2010,3.554925"
"Colombia,2010,3.516042"
"North Macedonia,2010,3.09897"
"Croatia,2010,3.220251"
"Indonesia,2010,3.46473"
"Paraguay,2010,3.458951"
"Uruguay,2010,3.062749"
"Bahamas The,2010,3.460025"
"Bangladesh,2010,3.460752"
"Syrian Arab Republic,2010,3.445999"
"Jordan,2010,3.388572"
"Mauritius,2010,2.908163"
"Serbia,2010,2.799206"
"Venezuela RB,2010,3.04589"
"Congo Dem. Rep.,2010,3.199801"
"El Salvador,2010,3.634167"
"Bosnia and Herzegovina,2010,3.177408"
"Madagascar,2010,2.901786"
"Azerbaijan,2010,3.146104"
"Guatemala,2010,3.520031"
"Kyrgyz Republic,2010,3.098647"
"Egypt Arab Rep.,2010,3.313272"
"Georgia,2010,3.075247"
"Russian Federation,2010,3.233113"
"Tanzania,2010,3.334206"
"Togo,2010,3.023809"
"Guinea,2010,3.10101"
"Haiti,2010,3.016763"
"Kenya,2010,3.06213"
"Nigeria,2010,3.097513"
"Yemen Rep.,2010,3.479167"
"Ukraine,2010,3.058442"
"Iran Islamic Rep.,2010,3.257511"
"Moldova,2010,3.1688"
"Cameroon,2010,3.161351"
"Niger,2010,3.280357"
"Nicaragua,2010,3.210973"
"Jamaica,2010,2.821429"
"Cote d'Ivoire,2010,2.729025"
"Pakistan,2010,3.075987"
"Armenia,2010,3.401743"
"Bolivia,2010,3.20418"
"Gambia The,2010,3.145299"
"Turkmenistan,2010,3.5125"
"Chad,2010,3.140278"
"Congo Rep.,2010,4.0"
"Ghana,2010,2.672314"
"Lao PDR,2010,3.232608"
"Albania,2010,3.012585"
"Comoros,2010,3.225529"
"Montenegro,2010,2.646716"
"Gabon,2010,2.871428"
"Ethiopia,2010,2.650346"
"Papua New Guinea,2010,3.241049"
"Maldives,2010,2.826797"
"Djibouti,2010,2.666667"
"Liberia,2010,3.081818"
"Bhutan,2010,2.988366"
"Cambodia,2010,2.836953"
"Algeria,2010,2.814489"
"Tajikistan,2010,3.163505"
"Libya,2010,2.981818"
"Myanmar,2010,3.287684"
"Botswana,2010,2.988154"
"Solomon Islands,2010,3.049981"
"Mozambique,2010,2.396064"
"Sri Lanka,2010,2.978775"
"Zambia,2010,2.848611"
"Mali,2010,2.899863"
"Guyana,2010,2.696841"
"Mongolia,2010,2.552133"
"Angola,2010,3.008073"
"Afghanistan,2010,2.605503"
"Fiji,2010,2.821398"
"Burkina Faso,2010,2.772119"
"Sudan,2010,3.088889"
"Nepal,2010,2.739236"
"Iraq,2010,2.492112"
"Guinea-Bissau,2010,2.909524"
"Cuba,2010,2.405864"
"Rwanda,2010,2.045238"
"Namibia,2010,2.375"
"Sierra Leone,2010,2.325"
"Eritrea,2010,2.214286"
"Somalia,2010,1.377778"
"Germany,2010,3.0"
"Singapore,2010,14.0"
"Sweden,2010,11.0"
"Netherlands,2010,6.0"
"Luxembourg,2010,1.0"
"Switzerland,2010,15.0"
"Japan,2010,13.0"
"United Kingdom,2010,8.0"
"Belgium,2010,12.0"
"Norway,2010,10.0"
"Ireland,2010,4.0"
"Finland,2010,25.0"
"Hong Kong SAR China,2010,26.0"
"Canada,2010,5.0"
"United States,2010,16.0"
"Denmark,2010,7.0"
"France,2010,9.0"
"Australia,2010,18.0"
"Austria,2010,23.0"
"Taiwan China,2010,30.0"
"New Zealand,2010,17.0"
"Italy,2010,24.0"
"Korea Rep.,2010,28.0"
"United Arab Emirates,2010,33.0"
"Spain,2010,21.0"
"Czechia,2010,19.0"
"China,2010,36.0"
"South Africa,2010,57.0"
"Malaysia,2010,37.0"
"Poland,2010,2.0"
"Israel,2010,46.0"
"Bahrain,2010,39.0"
"Lebanon,2010,29.0"
"Portugal,2010,40.0"
"Thailand,2010,48.0"
"Kuwait,2010,52.0"
"Latvia,2010,49.0"
"Slovak Republic,2010,34.0"
"Turkiye,2010,31.0"
"Saudi Arabia,2010,45.0"
"Brazil,2010,20.0"
"Iceland,2010,84.0"
"Estonia,2010,53.0"
"Philippines,2010,42.0"
"Lithuania,2010,35.0"
"Cyprus,2010,75.0"
"India,2010,56.0"
"Argentina,2010,43.0"
"Chile,2010,44.0"
"Mexico,2010,54.0"
"Panama,2010,47.0"
"Hungary,2010,62.0"
"Viet Nam,2010,76.0"
"Greece,2010,67.0"
"Qatar,2010,22.0"
"Costa Rica,2010,51.0"
"Slovenia,2010,103.0"
"Senegal,2010,63.0"
"Romania,2010,73.0"
"Oman,2010,32.0"
"Tunisia,2010,58.0"
"Kazakhstan,2010,86.0"
"Bulgaria,2010,95.0"
"Malta,2010,117.0"
"Dominican Republic,2010,38.0"
"Uganda,2010,60.0"
"Peru,2010,79.0"
"Uzbekistan,2010,50.0"
"Benin,2010,66.0"
"Honduras,2010,41.0"
"Ecuador,2010,59.0"
"Colombia,2010,64.0"
"North Macedonia,2010,105.0"
"Croatia,2010,91.0"
"Indonesia,2010,69.0"
"Paraguay,2010,72.0"
"Uruguay,2010,112.0"
"Bahamas The,2010,71.0"
"Bangladesh,2010,70.0"
"Syrian Arab Republic,2010,74.0"
"Jordan,2010,78.0"
"Mauritius,2010,127.0"
"Serbia,2010,137.0"
"Venezuela RB,2010,116.0"
"Congo Dem. Rep.,2010,94.0"
"El Salvador,2010,55.0"
"Bosnia and Herzegovina,2010,96.0"
"Madagascar,2010,128.0"
"Azerbaijan,2010,100.0"
"Guatemala,2010,61.0"
"Kyrgyz Republic,2010,106.0"
"Egypt Arab Rep.,2010,81.0"
"Georgia,2010,111.0"
"Russian Federation,2010,88.0"
"Tanzania,2010,80.0"
"Togo,2010,118.0"
"Guinea,2010,104.0"
"Haiti,2010,119.0"
"Kenya,2010,113.0"
"Nigeria,2010,107.0"
"Yemen Rep.,2010,68.0"
"Ukraine,2010,114.0"
"Iran Islamic Rep.,2010,85.0"
"Moldova,2010,97.0"
"Cameroon,2010,99.0"
"Niger,2010,83.0"
"Nicaragua,2010,92.0"
"Jamaica,2010,134.0"
"Cote d'Ivoire,2010,140.0"
"Pakistan,2010,110.0"
"Armenia,2010,77.0"
"Bolivia,2010,93.0"
"Gambia The,2010,101.0"
"Turkmenistan,2010,65.0"
"Chad,2010,102.0"
"Congo Rep.,2010,27.0"
"Ghana,2010,142.0"
"Lao PDR,2010,89.0"
"Albania,2010,120.0"
"Comoros,2010,90.0"
"Montenegro,2010,145.0"
"Gabon,2010,130.0"
"Ethiopia,2010,144.0"
"Papua New Guinea,2010,87.0"
"Maldives,2010,133.0"
"Djibouti,2010,143.0"
"Liberia,2010,109.0"
"Bhutan,2010,122.0"
"Cambodia,2010,132.0"
"Algeria,2010,136.0"
"Tajikistan,2010,98.0"
"Libya,2010,124.0"
"Myanmar,2010,82.0"
"Botswana,2010,123.0"
"Solomon Islands,2010,115.0"
"Mozambique,2010,150.0"
"Sri Lanka,2010,125.0"
"Zambia,2010,131.0"
"Mali,2010,129.0"
"Guyana,2010,141.0"
"Mongolia,2010,147.0"
"Angola,2010,121.0"
"Afghanistan,2010,146.0"
"Fiji,2010,135.0"
"Burkina Faso,2010,138.0"
"Sudan,2010,108.0"
"Nepal,2010,139.0"
"Iraq,2010,148.0"
"Guinea-Bissau,2010,126.0"
"Cuba,2010,149.0"
"Rwanda,2010,154.0"
"Namibia,2010,151.0"
"Sierra Leone,2010,152.0"
"Eritrea,2010,153.0"
"Somalia,2010,155.0"
"Singapore,2007,4.52941"
"Netherlands,2007,4.38235"
"Germany,2007,4.32727"
"Sweden,2007,4.43182"
"Austria,2007,4.44444"
"Japan,2007,4.34454"
"Switzerland,2007,4.48"
"Hong Kong SAR China,2007,4.33077"
"United Kingdom,2007,4.24815"
"Canada,2007,4.18824"
"Ireland,2007,4.32"
"Belgium,2007,4.25301"
"Denmark,2007,4.11111"
"United States,2007,4.11443"
"Finland,2007,4.17647"
"Norway,2007,4.24"
"Australia,2007,4.1"
"France,2007,4.02459"
"New Zealand,2007,4.04762"
"United Arab Emirates,2007,4.12"
"Taiwan China,2007,4.175"
"Italy,2007,3.92969"
"Luxembourg,2007,4.0"
"South Africa,2007,3.78125"
"Korea Rep.,2007,3.85714"
"Spain,2007,3.85714"
"Malaysia,2007,3.94737"
"Portugal,2007,4.05882"
"Greece,2007,4.125"
"China,2007,3.67729"
"Thailand,2007,3.91176"
"Chile,2007,3.54762"
"Israel,2007,3.58333"
"Turkiye,2007,3.38462"
"Hungary,2007,3.69231"
"Bahrain,2007,3.0"
"Slovenia,2007,3.72727"
"Czechia,2007,3.5625"
"India,2007,3.47458"
"Poland,2007,3.59091"
"Saudi Arabia,2007,3.65455"
"Latvia,2007,3.6875"
"Indonesia,2007,3.27778"
"Kuwait,2007,3.75"
"Argentina,2007,3.5"
"Qatar,2007,3.66667"
"Estonia,2007,3.35294"
"Oman,2007,4.0"
"Cyprus,2007,3.25"
"Slovak Republic,2007,3.26087"
"Romania,2007,3.18182"
"Jordan,2007,3.16667"
"Viet Nam,2007,3.22222"
"Panama,2007,3.42857"
"Bulgaria,2007,3.55556"
"Mexico,2007,3.4"
"Sao Tome and Principe,2007,3.0"
"Lithuania,2007,3.4"
"Peru,2007,3.0"
"Tunisia,2007,2.8"
"Brazil,2007,3.10169"
"Guinea,2007,3.5"
"Croatia,2007,3.45455"
"Sudan,2007,3.16667"
"Philippines,2007,3.14286"
"El Salvador,2007,3.0625"
"Mauritania,2007,3.1"
"Pakistan,2007,2.92857"
"Venezuela RB,2007,3.025"
"Ecuador,2007,3.27273"
"Paraguay,2007,3.23077"
"Costa Rica,2007,2.88889"
"Ukraine,2007,3.3125"
"Belarus,2007,3.0"
"Guatemala,2007,3.23077"
"Kenya,2007,2.91667"
"Gambia The,2007,2.5"
"Iran Islamic Rep.,2007,2.8"
"Uruguay,2007,3.0"
"Honduras,2007,2.88462"
"Cambodia,2007,3.05263"
"Colombia,2007,2.93939"
"Uganda,2007,3.28571"
"Cameroon,2007,3.28571"
"Comoros,2007,2.66667"
"Angola,2007,2.83333"
"Bangladesh,2007,3.33333"
"Bosnia and Herzegovina,2007,3.0"
"Benin,2007,2.77778"
"North Macedonia,2007,2.83333"
"Malawi,2007,3.0"
"Sri Lanka,2007,2.69231"
"Nigeria,2007,2.69048"
"Morocco,2007,2.85714"
"Papua New Guinea,2007,3.14286"
"Dominican Republic,2007,2.89474"
"Egypt Arab Rep.,2007,2.84615"
"Lebanon,2007,2.66667"
"Russian Federation,2007,2.94253"
"Zambia,2007,2.5"
"Senegal,2007,2.625"
"Cote d'Ivoire,2007,3.25"
"Kyrgyz Republic,2007,2.76471"
"Ethiopia,2007,3.66667"
"Liberia,2007,2.42857"
"Moldova,2007,2.72727"
"Bolivia,2007,2.80952"
"Lesotho,2007,2.83333"
"Mali,2007,2.88235"
"Mozambique,2007,2.83333"
"Azerbaijan,2007,2.625"
"Yemen Rep.,2007,2.77778"
"Burundi,2007,2.0"
"Zimbabwe,2007,2.84615"
"Yugoslavia,2007,2.53846"
"Guinea-Bissau,2007,2.85714"
"Lao PDR,2007,2.83333"
"Jamaica,2007,2.65385"
"Togo,2007,2.11111"
"Madagascar,2007,2.66667"
"Burkina Faso,2007,2.25"
"Nicaragua,2007,2.5"
"Haiti,2007,2.6"
"Eritrea,2007,1.83333"
"Ghana,2007,2.5"
"Namibia,2007,3.0"
"Somalia,2007,3.0"
"Bhutan,2007,2.57143"
"Uzbekistan,2007,2.72727"
"Nepal,2007,2.75"
"Armenia,2007,2.625"
"Mauritius,2007,2.33333"
"Kazakhstan,2007,2.65"
"Gabon,2007,2.33333"
"Syrian Arab Republic,2007,2.66667"
"Mongolia,2007,2.25"
"Tanzania,2007,2.27273"
"Solomon Islands,2007,2.3"
"Albania,2007,2.125"
"Algeria,2007,2.81818"
"Guyana,2007,2.5"
"Chad,2007,2.55556"
"Niger,2007,3.0"
"Sierra Leone,2007,2.63636"
"Djibouti,2007,2.3"
"Tajikistan,2007,2.11111"
"Myanmar,2007,2.08333"
"Rwanda,2007,2.38462"
"Timor-Leste,2007,2.25"
"Afghanistan,2007,1.375"
"Singapore,2007,1.0"
"Netherlands,2007,5.0"
"Germany,2007,8.0"
"Sweden,2007,4.0"
"Austria,2007,3.0"
"Japan,2007,6.0"
"Switzerland,2007,2.0"
"Hong Kong SAR China,2007,7.0"
"United Kingdom,2007,11.0"
"Canada,2007,13.0"
"Ireland,2007,9.0"
"Belgium,2007,10.0"
"Denmark,2007,19.0"
"United States,2007,18.0"
"Finland,2007,14.0"
"Norway,2007,12.0"
"Australia,2007,20.0"
"France,2007,23.0"
"New Zealand,2007,22.0"
"United Arab Emirates,2007,17.0"
"Taiwan China,2007,15.0"
"Italy,2007,27.0"
"Luxembourg,2007,25.0"
"South Africa,2007,31.0"
"Korea Rep.,2007,30.0"
"Spain,2007,29.0"
"Malaysia,2007,26.0"
"Portugal,2007,21.0"
"Greece,2007,16.0"
"China,2007,36.0"
"Thailand,2007,28.0"
"Chile,2007,44.0"
"Israel,2007,41.0"
"Turkiye,2007,52.0"
"Hungary,2007,34.0"
"Bahrain,2007,84.0"
"Slovenia,2007,33.0"
"Czechia,2007,42.0"
"India,2007,47.0"
"Poland,2007,40.0"
"Saudi Arabia,2007,39.0"
"Latvia,2007,35.0"
"Indonesia,2007,58.0"
"Kuwait,2007,32.0"
"Argentina,2007,46.0"
"Qatar,2007,38.0"
"Estonia,2007,53.0"
"Oman,2007,24.0"
"Cyprus,2007,62.0"
"Slovak Republic,2007,60.0"
"Romania,2007,66.0"
"Jordan,2007,68.0"
"Viet Nam,2007,65.0"
"Panama,2007,49.0"
"Bulgaria,2007,43.0"
"Mexico,2007,51.0"
"Sao Tome and Principe,2007,76.0"
"Lithuania,2007,50.0"
"Peru,2007,80.0"
"Tunisia,2007,105.0"
"Brazil,2007,71.0"
"Guinea,2007,45.0"
"Croatia,2007,48.0"
"Sudan,2007,67.0"
"Philippines,2007,70.0"
"El Salvador,2007,73.0"
"Mauritania,2007,72.0"
"Pakistan,2007,88.0"
"Venezuela RB,2007,75.0"
"Ecuador,2007,59.0"
"Paraguay,2007,63.0"
"Costa Rica,2007,91.0"
"Ukraine,2007,55.0"
"Belarus,2007,78.0"
"Guatemala,2007,64.0"
"Kenya,2007,89.0"
"Gambia The,2007,132.0"
"Iran Islamic Rep.,2007,106.0"
"Uruguay,2007,82.0"
"Honduras,2007,92.0"
"Cambodia,2007,74.0"
"Colombia,2007,87.0"
"Uganda,2007,56.0"
"Cameroon,2007,57.0"
"Comoros,2007,117.0"
"Angola,2007,100.0"
"Bangladesh,2007,54.0"
"Bosnia and Herzegovina,2007,77.0"
"Benin,2007,107.0"
"North Macedonia,2007,99.0"
"Malawi,2007,79.0"
"Sri Lanka,2007,113.0"
"Nigeria,2007,114.0"
"Morocco,2007,95.0"
"Papua New Guinea,2007,69.0"
"Dominican Republic,2007,90.0"
"Egypt Arab Rep.,2007,96.0"
"Lebanon,2007,115.0"
"Russian Federation,2007,86.0"
"Zambia,2007,130.0"
"Senegal,2007,123.0"
"Cote d'Ivoire,2007,61.0"
"Kyrgyz Republic,2007,109.0"
"Ethiopia,2007,37.0"
"Liberia,2007,134.0"
"Moldova,2007,111.0"
"Bolivia,2007,104.0"
"Lesotho,2007,98.0"
"Mali,2007,93.0"
"Mozambique,2007,101.0"
"Azerbaijan,2007,124.0"
"Yemen Rep.,2007,108.0"
"Burundi,2007,148.0"
"Zimbabwe,2007,97.0"
"Yugoslavia,2007,128.0"
"Guinea-Bissau,2007,94.0"
"Lao PDR,2007,102.0"
"Jamaica,2007,119.0"
"Togo,2007,145.0"
"Madagascar,2007,116.0"
"Burkina Faso,2007,143.0"
"Nicaragua,2007,131.0"
"Haiti,2007,125.0"
"Eritrea,2007,149.0"
"Ghana,2007,133.0"
"Namibia,2007,83.0"
"Somalia,2007,81.0"
"Bhutan,2007,126.0"
"Uzbekistan,2007,112.0"
"Nepal,2007,110.0"
"Armenia,2007,122.0"
"Mauritius,2007,137.0"
"Kazakhstan,2007,120.0"
"Gabon,2007,136.0"
"Syrian Arab Republic,2007,118.0"
"Mongolia,2007,142.0"
"Tanzania,2007,140.0"
"Solomon Islands,2007,139.0"
"Albania,2007,144.0"
"Algeria,2007,103.0"
"Guyana,2007,129.0"
"Chad,2007,127.0"
"Niger,2007,85.0"
"Sierra Leone,2007,121.0"
"Djibouti,2007,138.0"
"Tajikistan,2007,146.0"
"Myanmar,2007,147.0"
"Rwanda,2007,135.0"
"Timor-Leste,2007,141.0"
"Afghanistan,2007,150.0"
"Singapore,2023,4.3"
"Finland,2023,4.3"
"Denmark,2023,4.1"
"Germany,2023,4.1"
"Netherlands,2023,4.0"
"Switzerland,2023,4.2"
"Austria,2023,4.3"
"Belgium,2023,4.2"
"Canada,2023,4.1"
"Hong Kong SAR China,2023,4.1"
"Sweden,2023,4.2"
"United Arab Emirates,2023,4.2"
"France,2023,4.1"
"Japan,2023,4.0"
"Spain,2023,4.2"
"Taiwan China,2023,4.2"
"Korea Rep.,2023,3.8"
"United States,2023,3.8"
"Australia,2023,3.6"
"China,2023,3.7"
"Greece,2023,3.9"
"Italy,2023,3.9"
"Norway,2023,4.0"
"South Africa,2023,3.8"
"United Kingdom,2023,3.7"
"Estonia,2023,4.1"
"Iceland,2023,3.6"
"Ireland,2023,3.7"
"Israel,2023,3.8"
"Luxembourg,2023,3.5"
"Malaysia,2023,3.7"
"New Zealand,2023,3.8"
"Poland,2023,3.9"
"Bahrain,2023,4.1"
"Latvia,2023,4.0"
"Qatar,2023,3.5"
"Thailand,2023,3.5"
"India,2023,3.6"
"Lithuania,2023,3.6"
"Portugal,2023,3.6"
"Saudi Arabia,2023,3.6"
"Turkiye,2023,3.6"
"Croatia,2023,3.2"
"Czechia,2023,3.7"
"Malta,2023,3.2"
"Oman,2023,3.1"
"Philippines,2023,3.9"
"Slovak Republic,2023,3.5"
"Slovenia,2023,3.3"
"Viet Nam,2023,3.3"
"Brazil,2023,3.5"
"Bulgaria,2023,3.5"
"Cyprus,2023,3.5"
"Hungary,2023,3.6"
"Kuwait,2023,2.8"
"Romania,2023,3.6"
"Botswana,2023,3.3"
"Egypt Arab Rep.,2023,3.6"
"North Macedonia,2023,3.5"
"Panama,2023,3.4"
"Bosnia and Herzegovina,2023,3.2"
"Chile,2023,3.2"
"Indonesia,2023,3.3"
"Peru,2023,3.4"
"Uruguay,2023,3.2"
"Antigua and Barbuda,2023,3.4"
"Benin,2023,2.7"
"Colombia,2023,3.2"
"Costa Rica,2023,3.2"
"Honduras,2023,3.2"
"Mexico,2023,3.5"
"Namibia,2023,2.9"
"Argentina,2023,3.1"
"Montenegro,2023,3.2"
"Rwanda,2023,3.1"
"Serbia,2023,3.4"
"Solomon Islands,2023,3.2"
"Sri Lanka,2023,3.3"
"Bahamas The,2023,3.0"
"Belarus,2023,3.1"
"Djibouti,2023,3.6"
"El Salvador,2023,3.2"
"Georgia,2023,3.1"
"Kazakhstan,2023,2.9"
"Papua New Guinea,2023,3.3"
"Paraguay,2023,3.0"
"Ukraine,2023,3.1"
"Bangladesh,2023,3.0"
"Congo Rep.,2023,2.9"
"Dominican Republic,2023,3.1"
"Guatemala,2023,2.6"
"Guinea-Bissau,2023,2.4"
"Mali,2023,3.1"
"Nigeria,2023,3.1"
"Russian Federation,2023,2.9"
"Uzbekistan,2023,2.8"
"Albania,2023,2.5"
"Algeria,2023,2.6"
"Armenia,2023,2.7"
"Bhutan,2023,2.6"
"Central African Republic,2023,2.6"
"Congo Dem. Rep.,2023,2.8"
"Ghana,2023,2.7"
"Grenada,2023,3.1"
"Guinea,2023,2.5"
"Jamaica,2023,2.9"
"Mauritius,2023,3.1"
"Moldova,2023,3.0"
"Mongolia,2023,2.7"
"Nicaragua,2023,2.9"
"Tajikistan,2023,2.9"
"Togo,2023,2.8"
"Trinidad and Tobago,2023,2.9"
"Zimbabwe,2023,2.8"
"Bolivia,2023,2.4"
"Cambodia,2023,2.7"
"Gabon,2023,3.0"
"Guyana,2023,2.6"
"Iraq,2023,3.0"
"Lao PDR,2023,2.8"
"Liberia,2023,2.3"
"Sudan,2023,2.7"
"Burkina Faso,2023,2.4"
"Fiji,2023,2.3"
"Gambia The,2023,2.6"
"Iran Islamic Rep.,2023,2.7"
"Kyrgyz Republic,2023,2.4"
"Madagascar,2023,2.6"
"Mauritania,2023,2.8"
"Syrian Arab Republic,2023,2.5"
"Venezuela RB,2023,2.5"
"Cuba,2023,2.6"
"Yemen Rep.,2023,2.8"
"Angola,2023,2.1"
"Cameroon,2023,2.1"
"Haiti,2023,2.5"
"Somalia,2023,2.3"
"Afghanistan,2023,2.3"
"Libya,2023,2.2"
"Singapore,2023,1.0"
"Finland,2023,1.0"
"Denmark,2023,10.0"
"Germany,2023,10.0"
"Netherlands,2023,17.0"
"Switzerland,2023,4.0"
"Austria,2023,1.0"
"Belgium,2023,4.0"
"Canada,2023,10.0"
"Hong Kong SAR China,2023,10.0"
"Sweden,2023,4.0"
"United Arab Emirates,2023,4.0"
"France,2023,10.0"
"Japan,2023,17.0"
"Spain,2023,4.0"
"Taiwan China,2023,4.0"
"Korea Rep.,2023,25.0"
"United States,2023,25.0"
"Australia,2023,35.0"
"China,2023,30.0"
"Greece,2023,21.0"
"Italy,2023,21.0"
"Norway,2023,17.0"
"South Africa,2023,25.0"
"United Kingdom,2023,30.0"
"Estonia,2023,10.0"
"Iceland,2023,35.0"
"Ireland,2023,30.0"
"Israel,2023,25.0"
"Luxembourg,2023,46.0"
"Malaysia,2023,30.0"
"New Zealand,2023,25.0"
"Poland,2023,21.0"
"Bahrain,2023,10.0"
"Latvia,2023,17.0"
"Qatar,2023,46.0"
"Thailand,2023,46.0"
"India,2023,35.0"
"Lithuania,2023,35.0"
"Portugal,2023,35.0"
"Saudi Arabia,2023,35.0"
"Turkiye,2023,35.0"
"Croatia,2023,65.0"
"Czechia,2023,30.0"
"Malta,2023,65.0"
"Oman,2023,76.0"
"Philippines,2023,21.0"
"Slovak Republic,2023,46.0"
"Slovenia,2023,59.0"
"Viet Nam,2023,59.0"
"Brazil,2023,46.0"
"Bulgaria,2023,46.0"
"Cyprus,2023,46.0"
"Hungary,2023,35.0"
"Kuwait,2023,102.0"
"Romania,2023,35.0"
"Botswana,2023,59.0"
"Egypt Arab Rep.,2023,35.0"
"North Macedonia,2023,46.0"
"Panama,2023,55.0"
"Bosnia and Herzegovina,2023,65.0"
"Chile,2023,65.0"
"Indonesia,2023,59.0"
"Peru,2023,55.0"
"Uruguay,2023,65.0"
"Antigua and Barbuda,2023,55.0"
"Benin,2023,110.0"
"Colombia,2023,65.0"
"Costa Rica,2023,65.0"
"Honduras,2023,65.0"
"Mexico,2023,46.0"
"Namibia,2023,93.0"
"Argentina,2023,76.0"
"Montenegro,2023,65.0"
"Rwanda,2023,76.0"
"Serbia,2023,55.0"
"Solomon Islands,2023,65.0"
"Sri Lanka,2023,59.0"
"Bahamas The,2023,87.0"
"Belarus,2023,76.0"
"Djibouti,2023,35.0"
"El Salvador,2023,65.0"
"Georgia,2023,76.0"
"Kazakhstan,2023,93.0"
"Papua New Guinea,2023,59.0"
"Paraguay,2023,87.0"
"Ukraine,2023,76.0"
"Bangladesh,2023,87.0"
"Congo Rep.,2023,93.0"
"Dominican Republic,2023,76.0"
"Guatemala,2023,117.0"
"Guinea-Bissau,2023,130.0"
"Mali,2023,76.0"
"Nigeria,2023,76.0"
"Russian Federation,2023,93.0"
"Uzbekistan,2023,102.0"
"Albania,2023,125.0"
"Algeria,2023,117.0"
"Armenia,2023,110.0"
"Bhutan,2023,117.0"
"Central African Republic,2023,117.0"
"Congo Dem. Rep.,2023,102.0"
"Ghana,2023,110.0"
"Grenada,2023,76.0"
"Guinea,2023,125.0"
"Jamaica,2023,93.0"
"Mauritius,2023,76.0"
"Moldova,2023,87.0"
"Mongolia,2023,110.0"
"Nicaragua,2023,93.0"
"Tajikistan,2023,93.0"
"Togo,2023,102.0"
"Trinidad and Tobago,2023,93.0"
"Zimbabwe,2023,102.0"
"Bolivia,2023,130.0"
"Cambodia,2023,110.0"
"Gabon,2023,87.0"
"Guyana,2023,117.0"
"Iraq,2023,87.0"
"Lao PDR,2023,102.0"
"Liberia,2023,134.0"
"Sudan,2023,110.0"
"Burkina Faso,2023,130.0"
"Fiji,2023,134.0"
"Gambia The,2023,117.0"
"Iran Islamic Rep.,2023,110.0"
"Kyrgyz Republic,2023,130.0"
"Madagascar,2023,117.0"
"Mauritania,2023,102.0"
"Syrian Arab Republic,2023,125.0"
"Venezuela RB,2023,125.0"
"Cuba,2023,117.0"
"Yemen Rep.,2023,102.0"
"Angola,2023,139.0"
"Cameroon,2023,139.0"
"Haiti,2023,125.0"
"Somalia,2023,134.0"
"Afghanistan,2023,134.0"
"Libya,2023,138.0"
